Sub-Category,revenue
Phones,5481.6900000000005
Tables,5113.6215
Bookcases,3877.7891999999997
Chairs,3453.763
Storage,2990.404
Art,1386.672
Appliances,1369.52
Furnishings,1365.8379999999997
Binders,1011.7780000000002
Accessories,994.4639999999999
