year,revenue
NULL,13598.020200000003
2015,5697.466
2016,2798.1834999999996
2017,5832.292000000002
2018,683.978
